rgn_id,product,year,tonnes_rel
1,corals,1994,1.0
1,corals,1995,1.0
1,corals,1996,0.968999330044461
1,corals,1997,0.83729216152019
1,corals,1998,0.670564589804495
1,corals,1999,0.623972227297643
1,corals,2000,0.596564955234789
1,corals,2001,0.71532980084049
1,corals,2002,0.616206833546501
1,corals,2003,0.52758998720994
1,corals,2004,0.421158414032523
1,corals,2005,0.195505207381692
1,corals,2006,0.103690845971131
1,corals,2007,0.0520738169194226
1,corals,2008,0.0306047871368536
1,corals,2009,0.0269504841951398
1,corals,2010,0.0
1,corals,2011,0.0
1,corals,2012,0.0
1,corals,2013,0.0
1,fish_oil,1976,0.241944861705864
1,fish_oil,1977,0.276519516624442
1,fish_oil,1978,0.407139529727696
1,fish_oil,1979,0.460163367187558
1,fish_oil,1980,0.662379959494503
1,fish_oil,1981,0.798654799004551
1,fish_oil,1982,0.898304299411848
1,fish_oil,1983,0.799022487276641
1,fish_oil,1984,0.819553243802734
1,fish_oil,1985,1.0
1,fish_oil,1986,1.0
1,fish_oil,1987,1.0
1,fish_oil,1988,1.0
1,fish_oil,1989,1.0
1,fish_oil,1990,1.0
1,fish_oil,1991,1.0
1,fish_oil,1992,1.0
1,fish_oil,1993,0.943574796912016
1,fish_oil,1994,1.0
1,fish_oil,1995,1.0
1,fish_oil,1996,1.0
1,fish_oil,1997,1.0
1,fish_oil,1998,0.940415069240485
1,fish_oil,1999,0.683224596252868
1,fish_oil,2000,0.351279809280392
1,fish_oil,2001,0.273401639650547
1,fish_oil,2002,0.328339648304673
1,fish_oil,2003,0.190964733313903
1,fish_oil,2004,0.226845727865839
1,fish_oil,2005,0.334135969927284
1,fish_oil,2006,0.450720056199508
1,fish_oil,2007,0.608852917217825
1,fish_oil,2008,0.765323707672877
1,fish_oil,2009,0.879588069561838
1,fish_oil,2010,0.843928285840265
1,fish_oil,2011,0.812534283942037
1,fish_oil,2012,0.782763491244984
1,fish_oil,2013,0.743035221846064
1,ornamentals,1993,0.854700854700855
1,ornamentals,1994,0.427350427350427
1,ornamentals,1995,0.284900284900285
1,ornamentals,1996,0.213675213675214
1,ornamentals,1997,0.213675213675214
1,ornamentals,1998,1.0
1,ornamentals,1999,1.0
1,ornamentals,2000,1.0
1,ornamentals,2001,1.0
1,ornamentals,2002,0.0854700854700855
1,ornamentals,2003,0.0854700854700855
1,ornamentals,2004,0.0854700854700855
1,ornamentals,2005,0.0854700854700855
1,ornamentals,2006,0.0854700854700855
1,ornamentals,2007,0.0641025641025641
1,ornamentals,2008,0.0427350427350427
1,ornamentals,2009,0.0213675213675214
1,ornamentals,2010,0.0
1,ornamentals,2011,0.0
1,ornamentals,2012,0.0
1,ornamentals,2013,0.0
1,seaweeds,1990,0.837476756437878
1,seaweeds,1991,0.748586380907058
1,seaweeds,1992,0.709703936948813
1,seaweeds,1993,0.672741288320519
1,seaweeds,1994,0.869989615468239
1,seaweeds,1995,0.942696542087762
1,seaweeds,1996,1.0
1,seaweeds,1997,1.0
1,seaweeds,1998,1.0
1,seaweeds,1999,1.0
1,seaweeds,2000,1.0
1,seaweeds,2001,1.0
1,seaweeds,2002,0.976139903817646
1,seaweeds,2003,1.0
1,seaweeds,2004,1.0
1,seaweeds,2005,1.0
1,seaweeds,2006,1.0
1,seaweeds,2007,1.0
1,seaweeds,2008,1.0
1,seaweeds,2009,1.0
1,seaweeds,2010,1.0
1,seaweeds,2011,1.0
1,seaweeds,2012,1.0
1,seaweeds,2013,0.856701063844345
1,shells,2007,1.0
1,shells,2008,1.0
1,shells,2009,1.0
1,shells,2010,1.0
1,shells,2011,1.0
1,shells,2012,1.0
1,shells,2013,0.976923076923077
1,sponges,1990,0.0672551492223623
1,sponges,1991,0.0412702052046314
1,sponges,1992,0.27411568395175
1,sponges,1993,0.898009094730406
1,sponges,1994,1.0
1,sponges,1995,1.0
1,sponges,1996,1.0
1,sponges,1997,0.661087546333448
1,sponges,1998,0.0175780503649356
1,sponges,1999,0.0
1,sponges,2000,0.0160495242462456
1,sponges,2001,0.0160495242462456
1,sponges,2002,0.0160495242462456
1,sponges,2003,0.0160495242462456
1,sponges,2004,0.0
1,sponges,2005,7.64263059345027e-5
1,sponges,2006,7.64263059345027e-5
1,sponges,2007,7.64263059345027e-5
1,sponges,2008,7.64263059345027e-5
1,sponges,2009,0.0
1,sponges,2010,0.0
1,sponges,2011,0.0
1,sponges,2012,0.0
1,sponges,2013,0.0
2,corals,1994,1.0
2,corals,1995,1.0
2,corals,1996,0.968999330044461
2,corals,1997,0.83729216152019
2,corals,1998,0.670564589804495
2,corals,1999,0.623972227297643
2,corals,2000,0.596564955234789
2,corals,2001,0.71532980084049
2,corals,2002,0.616206833546501
2,corals,2003,0.52758998720994
2,corals,2004,0.421158414032523
2,corals,2005,0.195505207381692
2,corals,2006,0.103690845971131
2,corals,2007,0.0520738169194226
2,corals,2008,0.0306047871368536
2,corals,2009,0.0269504841951398
2,corals,2010,0.0
2,corals,2011,0.0
2,corals,2012,0.0
2,corals,2013,0.0
2,fish_oil,1976,0.241944861705864
2,fish_oil,1977,0.276519516624442
2,fish_oil,1978,0.407139529727696
2,fish_oil,1979,0.460163367187558
2,fish_oil,1980,0.662379959494503
2,fish_oil,1981,0.798654799004551
2,fish_oil,1982,0.898304299411848
2,fish_oil,1983,0.799022487276641
2,fish_oil,1984,0.819553243802734
2,fish_oil,1985,1.0
2,fish_oil,1986,1.0
2,fish_oil,1987,1.0
2,fish_oil,1988,1.0
2,fish_oil,1989,1.0
2,fish_oil,1990,1.0
2,fish_oil,1991,1.0
2,fish_oil,1992,1.0
2,fish_oil,1993,0.943574796912016
2,fish_oil,1994,1.0
2,fish_oil,1995,1.0
2,fish_oil,1996,1.0
2,fish_oil,1997,1.0
2,fish_oil,1998,0.940415069240485
2,fish_oil,1999,0.683224596252868
2,fish_oil,2000,0.351279809280392
2,fish_oil,2001,0.273401639650547
2,fish_oil,2002,0.328339648304673
2,fish_oil,2003,0.190964733313903
2,fish_oil,2004,0.226845727865839
2,fish_oil,2005,0.334135969927284
2,fish_oil,2006,0.450720056199508
2,fish_oil,2007,0.608852917217825
2,fish_oil,2008,0.765323707672877
2,fish_oil,2009,0.879588069561838
2,fish_oil,2010,0.843928285840265
2,fish_oil,2011,0.812534283942037
2,fish_oil,2012,0.782763491244984
2,fish_oil,2013,0.743035221846064
2,ornamentals,1993,0.854700854700855
2,ornamentals,1994,0.427350427350427
2,ornamentals,1995,0.284900284900285
2,ornamentals,1996,0.213675213675214
2,ornamentals,1997,0.213675213675214
2,ornamentals,1998,1.0
2,ornamentals,1999,1.0
2,ornamentals,2000,1.0
2,ornamentals,2001,1.0
2,ornamentals,2002,0.0854700854700855
2,ornamentals,2003,0.0854700854700855
2,ornamentals,2004,0.0854700854700855
2,ornamentals,2005,0.0854700854700855
2,ornamentals,2006,0.0854700854700855
2,ornamentals,2007,0.0641025641025641
2,ornamentals,2008,0.0427350427350427
2,ornamentals,2009,0.0213675213675214
2,ornamentals,2010,0.0
2,ornamentals,2011,0.0
2,ornamentals,2012,0.0
2,ornamentals,2013,0.0
2,seaweeds,1990,0.837476756437878
2,seaweeds,1991,0.748586380907058
2,seaweeds,1992,0.709703936948813
2,seaweeds,1993,0.672741288320519
2,seaweeds,1994,0.869989615468239
2,seaweeds,1995,0.942696542087762
2,seaweeds,1996,1.0
2,seaweeds,1997,1.0
2,seaweeds,1998,1.0
2,seaweeds,1999,1.0
2,seaweeds,2000,1.0
2,seaweeds,2001,1.0
2,seaweeds,2002,0.976139903817646
2,seaweeds,2003,1.0
2,seaweeds,2004,1.0
2,seaweeds,2005,1.0
2,seaweeds,2006,1.0
2,seaweeds,2007,1.0
2,seaweeds,2008,1.0
2,seaweeds,2009,1.0
2,seaweeds,2010,1.0
2,seaweeds,2011,1.0
2,seaweeds,2012,1.0
2,seaweeds,2013,0.856701063844345
2,shells,2007,1.0
2,shells,2008,1.0
2,shells,2009,1.0
2,shells,2010,1.0
2,shells,2011,1.0
2,shells,2012,1.0
2,shells,2013,0.976923076923077
2,sponges,1990,0.0672551492223623
2,sponges,1991,0.0412702052046314
2,sponges,1992,0.27411568395175
2,sponges,1993,0.898009094730406
2,sponges,1994,1.0
2,sponges,1995,1.0
2,sponges,1996,1.0
2,sponges,1997,0.661087546333448
2,sponges,1998,0.0175780503649356
2,sponges,1999,0.0
2,sponges,2000,0.0160495242462456
2,sponges,2001,0.0160495242462456
2,sponges,2002,0.0160495242462456
2,sponges,2003,0.0160495242462456
2,sponges,2004,0.0
2,sponges,2005,7.64263059345027e-5
2,sponges,2006,7.64263059345027e-5
2,sponges,2007,7.64263059345027e-5
2,sponges,2008,7.64263059345027e-5
2,sponges,2009,0.0
2,sponges,2010,0.0
2,sponges,2011,0.0
2,sponges,2012,0.0
2,sponges,2013,0.0
3,corals,1994,1.0
3,corals,1995,1.0
3,corals,1996,0.968999330044461
3,corals,1997,0.83729216152019
3,corals,1998,0.670564589804495
3,corals,1999,0.623972227297643
3,corals,2000,0.596564955234789
3,corals,2001,0.71532980084049
3,corals,2002,0.616206833546501
3,corals,2003,0.52758998720994
3,corals,2004,0.421158414032523
3,corals,2005,0.195505207381692
3,corals,2006,0.103690845971131
3,corals,2007,0.0520738169194226
3,corals,2008,0.0306047871368536
3,corals,2009,0.0269504841951398
3,corals,2010,0.0
3,corals,2011,0.0
3,corals,2012,0.0
3,corals,2013,0.0
3,fish_oil,1976,0.241944861705864
3,fish_oil,1977,0.276519516624442
3,fish_oil,1978,0.407139529727696
3,fish_oil,1979,0.460163367187558
3,fish_oil,1980,0.662379959494503
3,fish_oil,1981,0.798654799004551
3,fish_oil,1982,0.898304299411848
3,fish_oil,1983,0.799022487276641
3,fish_oil,1984,0.819553243802734
3,fish_oil,1985,1.0
3,fish_oil,1986,1.0
3,fish_oil,1987,1.0
3,fish_oil,1988,1.0
3,fish_oil,1989,1.0
3,fish_oil,1990,1.0
3,fish_oil,1991,1.0
3,fish_oil,1992,1.0
3,fish_oil,1993,0.943574796912016
3,fish_oil,1994,1.0
3,fish_oil,1995,1.0
3,fish_oil,1996,1.0
3,fish_oil,1997,1.0
3,fish_oil,1998,0.940415069240485
3,fish_oil,1999,0.683224596252868
3,fish_oil,2000,0.351279809280392
3,fish_oil,2001,0.273401639650547
3,fish_oil,2002,0.328339648304673
3,fish_oil,2003,0.190964733313903
3,fish_oil,2004,0.226845727865839
3,fish_oil,2005,0.334135969927284
3,fish_oil,2006,0.450720056199508
3,fish_oil,2007,0.608852917217825
3,fish_oil,2008,0.765323707672877
3,fish_oil,2009,0.879588069561838
3,fish_oil,2010,0.843928285840265
3,fish_oil,2011,0.812534283942037
3,fish_oil,2012,0.782763491244984
3,fish_oil,2013,0.743035221846064
3,ornamentals,1993,0.854700854700855
3,ornamentals,1994,0.427350427350427
3,ornamentals,1995,0.284900284900285
3,ornamentals,1996,0.213675213675214
3,ornamentals,1997,0.213675213675214
3,ornamentals,1998,1.0
3,ornamentals,1999,1.0
3,ornamentals,2000,1.0
3,ornamentals,2001,1.0
3,ornamentals,2002,0.0854700854700855
3,ornamentals,2003,0.0854700854700855
3,ornamentals,2004,0.0854700854700855
3,ornamentals,2005,0.0854700854700855
3,ornamentals,2006,0.0854700854700855
3,ornamentals,2007,0.0641025641025641
3,ornamentals,2008,0.0427350427350427
3,ornamentals,2009,0.0213675213675214
3,ornamentals,2010,0.0
3,ornamentals,2011,0.0
3,ornamentals,2012,0.0
3,ornamentals,2013,0.0
3,seaweeds,1990,0.837476756437878
3,seaweeds,1991,0.748586380907058
3,seaweeds,1992,0.709703936948813
3,seaweeds,1993,0.672741288320519
3,seaweeds,1994,0.869989615468239
3,seaweeds,1995,0.942696542087762
3,seaweeds,1996,1.0
3,seaweeds,1997,1.0
3,seaweeds,1998,1.0
3,seaweeds,1999,1.0
3,seaweeds,2000,1.0
3,seaweeds,2001,1.0
3,seaweeds,2002,0.976139903817646
3,seaweeds,2003,1.0
3,seaweeds,2004,1.0
3,seaweeds,2005,1.0
3,seaweeds,2006,1.0
3,seaweeds,2007,1.0
3,seaweeds,2008,1.0
3,seaweeds,2009,1.0
3,seaweeds,2010,1.0
3,seaweeds,2011,1.0
3,seaweeds,2012,1.0
3,seaweeds,2013,0.856701063844345
3,shells,2007,1.0
3,shells,2008,1.0
3,shells,2009,1.0
3,shells,2010,1.0
3,shells,2011,1.0
3,shells,2012,1.0
3,shells,2013,0.976923076923077
3,sponges,1990,0.0672551492223623
3,sponges,1991,0.0412702052046314
3,sponges,1992,0.27411568395175
3,sponges,1993,0.898009094730406
3,sponges,1994,1.0
3,sponges,1995,1.0
3,sponges,1996,1.0
3,sponges,1997,0.661087546333448
3,sponges,1998,0.0175780503649356
3,sponges,1999,0.0
3,sponges,2000,0.0160495242462456
3,sponges,2001,0.0160495242462456
3,sponges,2002,0.0160495242462456
3,sponges,2003,0.0160495242462456
3,sponges,2004,0.0
3,sponges,2005,7.64263059345027e-5
3,sponges,2006,7.64263059345027e-5
3,sponges,2007,7.64263059345027e-5
3,sponges,2008,7.64263059345027e-5
3,sponges,2009,0.0
3,sponges,2010,0.0
3,sponges,2011,0.0
3,sponges,2012,0.0
3,sponges,2013,0.0
4,corals,1994,1.0
4,corals,1995,1.0
4,corals,1996,0.968999330044461
4,corals,1997,0.83729216152019
4,corals,1998,0.670564589804495
4,corals,1999,0.623972227297643
4,corals,2000,0.596564955234789
4,corals,2001,0.71532980084049
4,corals,2002,0.616206833546501
4,corals,2003,0.52758998720994
4,corals,2004,0.421158414032523
4,corals,2005,0.195505207381692
4,corals,2006,0.103690845971131
4,corals,2007,0.0520738169194226
4,corals,2008,0.0306047871368536
4,corals,2009,0.0269504841951398
4,corals,2010,0.0
4,corals,2011,0.0
4,corals,2012,0.0
4,corals,2013,0.0
4,fish_oil,1976,0.241944861705864
4,fish_oil,1977,0.276519516624442
4,fish_oil,1978,0.407139529727696
4,fish_oil,1979,0.460163367187558
4,fish_oil,1980,0.662379959494503
4,fish_oil,1981,0.798654799004551
4,fish_oil,1982,0.898304299411848
4,fish_oil,1983,0.799022487276641
4,fish_oil,1984,0.819553243802734
4,fish_oil,1985,1.0
4,fish_oil,1986,1.0
4,fish_oil,1987,1.0
4,fish_oil,1988,1.0
4,fish_oil,1989,1.0
4,fish_oil,1990,1.0
4,fish_oil,1991,1.0
4,fish_oil,1992,1.0
4,fish_oil,1993,0.943574796912016
4,fish_oil,1994,1.0
4,fish_oil,1995,1.0
4,fish_oil,1996,1.0
4,fish_oil,1997,1.0
4,fish_oil,1998,0.940415069240485
4,fish_oil,1999,0.683224596252868
4,fish_oil,2000,0.351279809280392
4,fish_oil,2001,0.273401639650547
4,fish_oil,2002,0.328339648304673
4,fish_oil,2003,0.190964733313903
4,fish_oil,2004,0.226845727865839
4,fish_oil,2005,0.334135969927284
4,fish_oil,2006,0.450720056199508
4,fish_oil,2007,0.608852917217825
4,fish_oil,2008,0.765323707672877
4,fish_oil,2009,0.879588069561838
4,fish_oil,2010,0.843928285840265
4,fish_oil,2011,0.812534283942037
4,fish_oil,2012,0.782763491244984
4,fish_oil,2013,0.743035221846064
4,ornamentals,1993,0.854700854700855
4,ornamentals,1994,0.427350427350427
4,ornamentals,1995,0.284900284900285
4,ornamentals,1996,0.213675213675214
4,ornamentals,1997,0.213675213675214
4,ornamentals,1998,1.0
4,ornamentals,1999,1.0
4,ornamentals,2000,1.0
4,ornamentals,2001,1.0
4,ornamentals,2002,0.0854700854700855
4,ornamentals,2003,0.0854700854700855
4,ornamentals,2004,0.0854700854700855
4,ornamentals,2005,0.0854700854700855
4,ornamentals,2006,0.0854700854700855
4,ornamentals,2007,0.0641025641025641
4,ornamentals,2008,0.0427350427350427
4,ornamentals,2009,0.0213675213675214
4,ornamentals,2010,0.0
4,ornamentals,2011,0.0
4,ornamentals,2012,0.0
4,ornamentals,2013,0.0
4,seaweeds,1990,0.837476756437878
4,seaweeds,1991,0.748586380907058
4,seaweeds,1992,0.709703936948813
4,seaweeds,1993,0.672741288320519
4,seaweeds,1994,0.869989615468239
4,seaweeds,1995,0.942696542087762
4,seaweeds,1996,1.0
4,seaweeds,1997,1.0
4,seaweeds,1998,1.0
4,seaweeds,1999,1.0
4,seaweeds,2000,1.0
4,seaweeds,2001,1.0
4,seaweeds,2002,0.976139903817646
4,seaweeds,2003,1.0
4,seaweeds,2004,1.0
4,seaweeds,2005,1.0
4,seaweeds,2006,1.0
4,seaweeds,2007,1.0
4,seaweeds,2008,1.0
4,seaweeds,2009,1.0
4,seaweeds,2010,1.0
4,seaweeds,2011,1.0
4,seaweeds,2012,1.0
4,seaweeds,2013,0.856701063844345
4,shells,2007,1.0
4,shells,2008,1.0
4,shells,2009,1.0
4,shells,2010,1.0
4,shells,2011,1.0
4,shells,2012,1.0
4,shells,2013,0.976923076923077
4,sponges,1990,0.0672551492223623
4,sponges,1991,0.0412702052046314
4,sponges,1992,0.27411568395175
4,sponges,1993,0.898009094730406
4,sponges,1994,1.0
4,sponges,1995,1.0
4,sponges,1996,1.0
4,sponges,1997,0.661087546333448
4,sponges,1998,0.0175780503649356
4,sponges,1999,0.0
4,sponges,2000,0.0160495242462456
4,sponges,2001,0.0160495242462456
4,sponges,2002,0.0160495242462456
4,sponges,2003,0.0160495242462456
4,sponges,2004,0.0
4,sponges,2005,7.64263059345027e-5
4,sponges,2006,7.64263059345027e-5
4,sponges,2007,7.64263059345027e-5
4,sponges,2008,7.64263059345027e-5
4,sponges,2009,0.0
4,sponges,2010,0.0
4,sponges,2011,0.0
4,sponges,2012,0.0
4,sponges,2013,0.0
5,corals,1994,1.0
5,corals,1995,1.0
5,corals,1996,0.968999330044461
5,corals,1997,0.83729216152019
5,corals,1998,0.670564589804495
5,corals,1999,0.623972227297643
5,corals,2000,0.596564955234789
5,corals,2001,0.71532980084049
5,corals,2002,0.616206833546501
5,corals,2003,0.52758998720994
5,corals,2004,0.421158414032523
5,corals,2005,0.195505207381692
5,corals,2006,0.103690845971131
5,corals,2007,0.0520738169194226
5,corals,2008,0.0306047871368536
5,corals,2009,0.0269504841951398
5,corals,2010,0.0
5,corals,2011,0.0
5,corals,2012,0.0
5,corals,2013,0.0
5,fish_oil,1976,0.241944861705864
5,fish_oil,1977,0.276519516624442
5,fish_oil,1978,0.407139529727696
5,fish_oil,1979,0.460163367187558
5,fish_oil,1980,0.662379959494503
5,fish_oil,1981,0.798654799004551
5,fish_oil,1982,0.898304299411848
5,fish_oil,1983,0.799022487276641
5,fish_oil,1984,0.819553243802734
5,fish_oil,1985,1.0
5,fish_oil,1986,1.0
5,fish_oil,1987,1.0
5,fish_oil,1988,1.0
5,fish_oil,1989,1.0
5,fish_oil,1990,1.0
5,fish_oil,1991,1.0
5,fish_oil,1992,1.0
5,fish_oil,1993,0.943574796912016
5,fish_oil,1994,1.0
5,fish_oil,1995,1.0
5,fish_oil,1996,1.0
5,fish_oil,1997,1.0
5,fish_oil,1998,0.940415069240485
5,fish_oil,1999,0.683224596252868
5,fish_oil,2000,0.351279809280392
5,fish_oil,2001,0.273401639650547
5,fish_oil,2002,0.328339648304673
5,fish_oil,2003,0.190964733313903
5,fish_oil,2004,0.226845727865839
5,fish_oil,2005,0.334135969927284
5,fish_oil,2006,0.450720056199508
5,fish_oil,2007,0.608852917217825
5,fish_oil,2008,0.765323707672877
5,fish_oil,2009,0.879588069561838
5,fish_oil,2010,0.843928285840265
5,fish_oil,2011,0.812534283942037
5,fish_oil,2012,0.782763491244984
5,fish_oil,2013,0.743035221846064
5,ornamentals,1993,0.854700854700855
5,ornamentals,1994,0.427350427350427
5,ornamentals,1995,0.284900284900285
5,ornamentals,1996,0.213675213675214
5,ornamentals,1997,0.213675213675214
5,ornamentals,1998,1.0
5,ornamentals,1999,1.0
5,ornamentals,2000,1.0
5,ornamentals,2001,1.0
5,ornamentals,2002,0.0854700854700855
5,ornamentals,2003,0.0854700854700855
5,ornamentals,2004,0.0854700854700855
5,ornamentals,2005,0.0854700854700855
5,ornamentals,2006,0.0854700854700855
5,ornamentals,2007,0.0641025641025641
5,ornamentals,2008,0.0427350427350427
5,ornamentals,2009,0.0213675213675214
5,ornamentals,2010,0.0
5,ornamentals,2011,0.0
5,ornamentals,2012,0.0
5,ornamentals,2013,0.0
5,seaweeds,1990,0.837476756437878
5,seaweeds,1991,0.748586380907058
5,seaweeds,1992,0.709703936948813
5,seaweeds,1993,0.672741288320519
5,seaweeds,1994,0.869989615468239
5,seaweeds,1995,0.942696542087762
5,seaweeds,1996,1.0
5,seaweeds,1997,1.0
5,seaweeds,1998,1.0
5,seaweeds,1999,1.0
5,seaweeds,2000,1.0
5,seaweeds,2001,1.0
5,seaweeds,2002,0.976139903817646
5,seaweeds,2003,1.0
5,seaweeds,2004,1.0
5,seaweeds,2005,1.0
5,seaweeds,2006,1.0
5,seaweeds,2007,1.0
5,seaweeds,2008,1.0
5,seaweeds,2009,1.0
5,seaweeds,2010,1.0
5,seaweeds,2011,1.0
5,seaweeds,2012,1.0
5,seaweeds,2013,0.856701063844345
5,shells,2007,1.0
5,shells,2008,1.0
5,shells,2009,1.0
5,shells,2010,1.0
5,shells,2011,1.0
5,shells,2012,1.0
5,shells,2013,0.976923076923077
5,sponges,1990,0.0672551492223623
5,sponges,1991,0.0412702052046314
5,sponges,1992,0.27411568395175
5,sponges,1993,0.898009094730406
5,sponges,1994,1.0
5,sponges,1995,1.0
5,sponges,1996,1.0
5,sponges,1997,0.661087546333448
5,sponges,1998,0.0175780503649356
5,sponges,1999,0.0
5,sponges,2000,0.0160495242462456
5,sponges,2001,0.0160495242462456
5,sponges,2002,0.0160495242462456
5,sponges,2003,0.0160495242462456
5,sponges,2004,0.0
5,sponges,2005,7.64263059345027e-5
5,sponges,2006,7.64263059345027e-5
5,sponges,2007,7.64263059345027e-5
5,sponges,2008,7.64263059345027e-5
5,sponges,2009,0.0
5,sponges,2010,0.0
5,sponges,2011,0.0
5,sponges,2012,0.0
5,sponges,2013,0.0
6,corals,1994,1.0
6,corals,1995,1.0
6,corals,1996,0.968999330044461
6,corals,1997,0.83729216152019
6,corals,1998,0.670564589804495
6,corals,1999,0.623972227297643
6,corals,2000,0.596564955234789
6,corals,2001,0.71532980084049
6,corals,2002,0.616206833546501
6,corals,2003,0.52758998720994
6,corals,2004,0.421158414032523
6,corals,2005,0.195505207381692
6,corals,2006,0.103690845971131
6,corals,2007,0.0520738169194226
6,corals,2008,0.0306047871368536
6,corals,2009,0.0269504841951398
6,corals,2010,0.0
6,corals,2011,0.0
6,corals,2012,0.0
6,corals,2013,0.0
6,fish_oil,1976,0.241944861705864
6,fish_oil,1977,0.276519516624442
6,fish_oil,1978,0.407139529727696
6,fish_oil,1979,0.460163367187558
6,fish_oil,1980,0.662379959494503
6,fish_oil,1981,0.798654799004551
6,fish_oil,1982,0.898304299411848
6,fish_oil,1983,0.799022487276641
6,fish_oil,1984,0.819553243802734
6,fish_oil,1985,1.0
6,fish_oil,1986,1.0
6,fish_oil,1987,1.0
6,fish_oil,1988,1.0
6,fish_oil,1989,1.0
6,fish_oil,1990,1.0
6,fish_oil,1991,1.0
6,fish_oil,1992,1.0
6,fish_oil,1993,0.943574796912016
6,fish_oil,1994,1.0
6,fish_oil,1995,1.0
6,fish_oil,1996,1.0
6,fish_oil,1997,1.0
6,fish_oil,1998,0.940415069240485
6,fish_oil,1999,0.683224596252868
6,fish_oil,2000,0.351279809280392
6,fish_oil,2001,0.273401639650547
6,fish_oil,2002,0.328339648304673
6,fish_oil,2003,0.190964733313903
6,fish_oil,2004,0.226845727865839
6,fish_oil,2005,0.334135969927284
6,fish_oil,2006,0.450720056199508
6,fish_oil,2007,0.608852917217825
6,fish_oil,2008,0.765323707672877
6,fish_oil,2009,0.879588069561838
6,fish_oil,2010,0.843928285840265
6,fish_oil,2011,0.812534283942037
6,fish_oil,2012,0.782763491244984
6,fish_oil,2013,0.743035221846064
6,ornamentals,1993,0.854700854700855
6,ornamentals,1994,0.427350427350427
6,ornamentals,1995,0.284900284900285
6,ornamentals,1996,0.213675213675214
6,ornamentals,1997,0.213675213675214
6,ornamentals,1998,1.0
6,ornamentals,1999,1.0
6,ornamentals,2000,1.0
6,ornamentals,2001,1.0
6,ornamentals,2002,0.0854700854700855
6,ornamentals,2003,0.0854700854700855
6,ornamentals,2004,0.0854700854700855
6,ornamentals,2005,0.0854700854700855
6,ornamentals,2006,0.0854700854700855
6,ornamentals,2007,0.0641025641025641
6,ornamentals,2008,0.0427350427350427
6,ornamentals,2009,0.0213675213675214
6,ornamentals,2010,0.0
6,ornamentals,2011,0.0
6,ornamentals,2012,0.0
6,ornamentals,2013,0.0
6,seaweeds,1990,0.837476756437878
6,seaweeds,1991,0.748586380907058
6,seaweeds,1992,0.709703936948813
6,seaweeds,1993,0.672741288320519
6,seaweeds,1994,0.869989615468239
6,seaweeds,1995,0.942696542087762
6,seaweeds,1996,1.0
6,seaweeds,1997,1.0
6,seaweeds,1998,1.0
6,seaweeds,1999,1.0
6,seaweeds,2000,1.0
6,seaweeds,2001,1.0
6,seaweeds,2002,0.976139903817646
6,seaweeds,2003,1.0
6,seaweeds,2004,1.0
6,seaweeds,2005,1.0
6,seaweeds,2006,1.0
6,seaweeds,2007,1.0
6,seaweeds,2008,1.0
6,seaweeds,2009,1.0
6,seaweeds,2010,1.0
6,seaweeds,2011,1.0
6,seaweeds,2012,1.0
6,seaweeds,2013,0.856701063844345
6,shells,2007,1.0
6,shells,2008,1.0
6,shells,2009,1.0
6,shells,2010,1.0
6,shells,2011,1.0
6,shells,2012,1.0
6,shells,2013,0.976923076923077
6,sponges,1990,0.0672551492223623
6,sponges,1991,0.0412702052046314
6,sponges,1992,0.27411568395175
6,sponges,1993,0.898009094730406
6,sponges,1994,1.0
6,sponges,1995,1.0
6,sponges,1996,1.0
6,sponges,1997,0.661087546333448
6,sponges,1998,0.0175780503649356
6,sponges,1999,0.0
6,sponges,2000,0.0160495242462456
6,sponges,2001,0.0160495242462456
6,sponges,2002,0.0160495242462456
6,sponges,2003,0.0160495242462456
6,sponges,2004,0.0
6,sponges,2005,7.64263059345027e-5
6,sponges,2006,7.64263059345027e-5
6,sponges,2007,7.64263059345027e-5
6,sponges,2008,7.64263059345027e-5
6,sponges,2009,0.0
6,sponges,2010,0.0
6,sponges,2011,0.0
6,sponges,2012,0.0
6,sponges,2013,0.0
7,corals,1994,1.0
7,corals,1995,1.0
7,corals,1996,0.968999330044461
7,corals,1997,0.83729216152019
7,corals,1998,0.670564589804495
7,corals,1999,0.623972227297643
7,corals,2000,0.596564955234789
7,corals,2001,0.71532980084049
7,corals,2002,0.616206833546501
7,corals,2003,0.52758998720994
7,corals,2004,0.421158414032523
7,corals,2005,0.195505207381692
7,corals,2006,0.103690845971131
7,corals,2007,0.0520738169194226
7,corals,2008,0.0306047871368536
7,corals,2009,0.0269504841951398
7,corals,2010,0.0
7,corals,2011,0.0
7,corals,2012,0.0
7,corals,2013,0.0
7,fish_oil,1976,0.241944861705864
7,fish_oil,1977,0.276519516624442
7,fish_oil,1978,0.407139529727696
7,fish_oil,1979,0.460163367187558
7,fish_oil,1980,0.662379959494503
7,fish_oil,1981,0.798654799004551
7,fish_oil,1982,0.898304299411848
7,fish_oil,1983,0.799022487276641
7,fish_oil,1984,0.819553243802734
7,fish_oil,1985,1.0
7,fish_oil,1986,1.0
7,fish_oil,1987,1.0
7,fish_oil,1988,1.0
7,fish_oil,1989,1.0
7,fish_oil,1990,1.0
7,fish_oil,1991,1.0
7,fish_oil,1992,1.0
7,fish_oil,1993,0.943574796912016
7,fish_oil,1994,1.0
7,fish_oil,1995,1.0
7,fish_oil,1996,1.0
7,fish_oil,1997,1.0
7,fish_oil,1998,0.940415069240485
7,fish_oil,1999,0.683224596252868
7,fish_oil,2000,0.351279809280392
7,fish_oil,2001,0.273401639650547
7,fish_oil,2002,0.328339648304673
7,fish_oil,2003,0.190964733313903
7,fish_oil,2004,0.226845727865839
7,fish_oil,2005,0.334135969927284
7,fish_oil,2006,0.450720056199508
7,fish_oil,2007,0.608852917217825
7,fish_oil,2008,0.765323707672877
7,fish_oil,2009,0.879588069561838
7,fish_oil,2010,0.843928285840265
7,fish_oil,2011,0.812534283942037
7,fish_oil,2012,0.782763491244984
7,fish_oil,2013,0.743035221846064
7,ornamentals,1993,0.854700854700855
7,ornamentals,1994,0.427350427350427
7,ornamentals,1995,0.284900284900285
7,ornamentals,1996,0.213675213675214
7,ornamentals,1997,0.213675213675214
7,ornamentals,1998,1.0
7,ornamentals,1999,1.0
7,ornamentals,2000,1.0
7,ornamentals,2001,1.0
7,ornamentals,2002,0.0854700854700855
7,ornamentals,2003,0.0854700854700855
7,ornamentals,2004,0.0854700854700855
7,ornamentals,2005,0.0854700854700855
7,ornamentals,2006,0.0854700854700855
7,ornamentals,2007,0.0641025641025641
7,ornamentals,2008,0.0427350427350427
7,ornamentals,2009,0.0213675213675214
7,ornamentals,2010,0.0
7,ornamentals,2011,0.0
7,ornamentals,2012,0.0
7,ornamentals,2013,0.0
7,seaweeds,1990,0.837476756437878
7,seaweeds,1991,0.748586380907058
7,seaweeds,1992,0.709703936948813
7,seaweeds,1993,0.672741288320519
7,seaweeds,1994,0.869989615468239
7,seaweeds,1995,0.942696542087762
7,seaweeds,1996,1.0
7,seaweeds,1997,1.0
7,seaweeds,1998,1.0
7,seaweeds,1999,1.0
7,seaweeds,2000,1.0
7,seaweeds,2001,1.0
7,seaweeds,2002,0.976139903817646
7,seaweeds,2003,1.0
7,seaweeds,2004,1.0
7,seaweeds,2005,1.0
7,seaweeds,2006,1.0
7,seaweeds,2007,1.0
7,seaweeds,2008,1.0
7,seaweeds,2009,1.0
7,seaweeds,2010,1.0
7,seaweeds,2011,1.0
7,seaweeds,2012,1.0
7,seaweeds,2013,0.856701063844345
7,shells,2007,1.0
7,shells,2008,1.0
7,shells,2009,1.0
7,shells,2010,1.0
7,shells,2011,1.0
7,shells,2012,1.0
7,shells,2013,0.976923076923077
7,sponges,1990,0.0672551492223623
7,sponges,1991,0.0412702052046314
7,sponges,1992,0.27411568395175
7,sponges,1993,0.898009094730406
7,sponges,1994,1.0
7,sponges,1995,1.0
7,sponges,1996,1.0
7,sponges,1997,0.661087546333448
7,sponges,1998,0.0175780503649356
7,sponges,1999,0.0
7,sponges,2000,0.0160495242462456
7,sponges,2001,0.0160495242462456
7,sponges,2002,0.0160495242462456
7,sponges,2003,0.0160495242462456
7,sponges,2004,0.0
7,sponges,2005,7.64263059345027e-5
7,sponges,2006,7.64263059345027e-5
7,sponges,2007,7.64263059345027e-5
7,sponges,2008,7.64263059345027e-5
7,sponges,2009,0.0
7,sponges,2010,0.0
7,sponges,2011,0.0
7,sponges,2012,0.0
7,sponges,2013,0.0
8,corals,1994,1.0
8,corals,1995,1.0
8,corals,1996,0.968999330044461
8,corals,1997,0.83729216152019
8,corals,1998,0.670564589804495
8,corals,1999,0.623972227297643
8,corals,2000,0.596564955234789
8,corals,2001,0.71532980084049
8,corals,2002,0.616206833546501
8,corals,2003,0.52758998720994
8,corals,2004,0.421158414032523
8,corals,2005,0.195505207381692
8,corals,2006,0.103690845971131
8,corals,2007,0.0520738169194226
8,corals,2008,0.0306047871368536
8,corals,2009,0.0269504841951398
8,corals,2010,0.0
8,corals,2011,0.0
8,corals,2012,0.0
8,corals,2013,0.0
8,fish_oil,1976,0.241944861705864
8,fish_oil,1977,0.276519516624442
8,fish_oil,1978,0.407139529727696
8,fish_oil,1979,0.460163367187558
8,fish_oil,1980,0.662379959494503
8,fish_oil,1981,0.798654799004551
8,fish_oil,1982,0.898304299411848
8,fish_oil,1983,0.799022487276641
8,fish_oil,1984,0.819553243802734
8,fish_oil,1985,1.0
8,fish_oil,1986,1.0
8,fish_oil,1987,1.0
8,fish_oil,1988,1.0
8,fish_oil,1989,1.0
8,fish_oil,1990,1.0
8,fish_oil,1991,1.0
8,fish_oil,1992,1.0
8,fish_oil,1993,0.943574796912016
8,fish_oil,1994,1.0
8,fish_oil,1995,1.0
8,fish_oil,1996,1.0
8,fish_oil,1997,1.0
8,fish_oil,1998,0.940415069240485
8,fish_oil,1999,0.683224596252868
8,fish_oil,2000,0.351279809280392
8,fish_oil,2001,0.273401639650547
8,fish_oil,2002,0.328339648304673
8,fish_oil,2003,0.190964733313903
8,fish_oil,2004,0.226845727865839
8,fish_oil,2005,0.334135969927284
8,fish_oil,2006,0.450720056199508
8,fish_oil,2007,0.608852917217825
8,fish_oil,2008,0.765323707672877
8,fish_oil,2009,0.879588069561838
8,fish_oil,2010,0.843928285840265
8,fish_oil,2011,0.812534283942037
8,fish_oil,2012,0.782763491244984
8,fish_oil,2013,0.743035221846064
8,ornamentals,1993,0.854700854700855
8,ornamentals,1994,0.427350427350427
8,ornamentals,1995,0.284900284900285
8,ornamentals,1996,0.213675213675214
8,ornamentals,1997,0.213675213675214
8,ornamentals,1998,1.0
8,ornamentals,1999,1.0
8,ornamentals,2000,1.0
8,ornamentals,2001,1.0
8,ornamentals,2002,0.0854700854700855
8,ornamentals,2003,0.0854700854700855
8,ornamentals,2004,0.0854700854700855
8,ornamentals,2005,0.0854700854700855
8,ornamentals,2006,0.0854700854700855
8,ornamentals,2007,0.0641025641025641
8,ornamentals,2008,0.0427350427350427
8,ornamentals,2009,0.0213675213675214
8,ornamentals,2010,0.0
8,ornamentals,2011,0.0
8,ornamentals,2012,0.0
8,ornamentals,2013,0.0
8,seaweeds,1990,0.837476756437878
8,seaweeds,1991,0.748586380907058
8,seaweeds,1992,0.709703936948813
8,seaweeds,1993,0.672741288320519
8,seaweeds,1994,0.869989615468239
8,seaweeds,1995,0.942696542087762
8,seaweeds,1996,1.0
8,seaweeds,1997,1.0
8,seaweeds,1998,1.0
8,seaweeds,1999,1.0
8,seaweeds,2000,1.0
8,seaweeds,2001,1.0
8,seaweeds,2002,0.976139903817646
8,seaweeds,2003,1.0
8,seaweeds,2004,1.0
8,seaweeds,2005,1.0
8,seaweeds,2006,1.0
8,seaweeds,2007,1.0
8,seaweeds,2008,1.0
8,seaweeds,2009,1.0
8,seaweeds,2010,1.0
8,seaweeds,2011,1.0
8,seaweeds,2012,1.0
8,seaweeds,2013,0.856701063844345
8,shells,2007,1.0
8,shells,2008,1.0
8,shells,2009,1.0
8,shells,2010,1.0
8,shells,2011,1.0
8,shells,2012,1.0
8,shells,2013,0.976923076923077
8,sponges,1990,0.0672551492223623
8,sponges,1991,0.0412702052046314
8,sponges,1992,0.27411568395175
8,sponges,1993,0.898009094730406
8,sponges,1994,1.0
8,sponges,1995,1.0
8,sponges,1996,1.0
8,sponges,1997,0.661087546333448
8,sponges,1998,0.0175780503649356
8,sponges,1999,0.0
8,sponges,2000,0.0160495242462456
8,sponges,2001,0.0160495242462456
8,sponges,2002,0.0160495242462456
8,sponges,2003,0.0160495242462456
8,sponges,2004,0.0
8,sponges,2005,7.64263059345027e-5
8,sponges,2006,7.64263059345027e-5
8,sponges,2007,7.64263059345027e-5
8,sponges,2008,7.64263059345027e-5
8,sponges,2009,0.0
8,sponges,2010,0.0
8,sponges,2011,0.0
8,sponges,2012,0.0
8,sponges,2013,0.0
9,corals,1994,1.0
9,corals,1995,1.0
9,corals,1996,0.968999330044461
9,corals,1997,0.83729216152019
9,corals,1998,0.670564589804495
9,corals,1999,0.623972227297643
9,corals,2000,0.596564955234789
9,corals,2001,0.71532980084049
9,corals,2002,0.616206833546501
9,corals,2003,0.52758998720994
9,corals,2004,0.421158414032523
9,corals,2005,0.195505207381692
9,corals,2006,0.103690845971131
9,corals,2007,0.0520738169194226
9,corals,2008,0.0306047871368536
9,corals,2009,0.0269504841951398
9,corals,2010,0.0
9,corals,2011,0.0
9,corals,2012,0.0
9,corals,2013,0.0
9,fish_oil,1976,0.241944861705864
9,fish_oil,1977,0.276519516624442
9,fish_oil,1978,0.407139529727696
9,fish_oil,1979,0.460163367187558
9,fish_oil,1980,0.662379959494503
9,fish_oil,1981,0.798654799004551
9,fish_oil,1982,0.898304299411848
9,fish_oil,1983,0.799022487276641
9,fish_oil,1984,0.819553243802734
9,fish_oil,1985,1.0
9,fish_oil,1986,1.0
9,fish_oil,1987,1.0
9,fish_oil,1988,1.0
9,fish_oil,1989,1.0
9,fish_oil,1990,1.0
9,fish_oil,1991,1.0
9,fish_oil,1992,1.0
9,fish_oil,1993,0.943574796912016
9,fish_oil,1994,1.0
9,fish_oil,1995,1.0
9,fish_oil,1996,1.0
9,fish_oil,1997,1.0
9,fish_oil,1998,0.940415069240485
9,fish_oil,1999,0.683224596252868
9,fish_oil,2000,0.351279809280392
9,fish_oil,2001,0.273401639650547
9,fish_oil,2002,0.328339648304673
9,fish_oil,2003,0.190964733313903
9,fish_oil,2004,0.226845727865839
9,fish_oil,2005,0.334135969927284
9,fish_oil,2006,0.450720056199508
9,fish_oil,2007,0.608852917217825
9,fish_oil,2008,0.765323707672877
9,fish_oil,2009,0.879588069561838
9,fish_oil,2010,0.843928285840265
9,fish_oil,2011,0.812534283942037
9,fish_oil,2012,0.782763491244984
9,fish_oil,2013,0.743035221846064
9,ornamentals,1993,0.854700854700855
9,ornamentals,1994,0.427350427350427
9,ornamentals,1995,0.284900284900285
9,ornamentals,1996,0.213675213675214
9,ornamentals,1997,0.213675213675214
9,ornamentals,1998,1.0
9,ornamentals,1999,1.0
9,ornamentals,2000,1.0
9,ornamentals,2001,1.0
9,ornamentals,2002,0.0854700854700855
9,ornamentals,2003,0.0854700854700855
9,ornamentals,2004,0.0854700854700855
9,ornamentals,2005,0.0854700854700855
9,ornamentals,2006,0.0854700854700855
9,ornamentals,2007,0.0641025641025641
9,ornamentals,2008,0.0427350427350427
9,ornamentals,2009,0.0213675213675214
9,ornamentals,2010,0.0
9,ornamentals,2011,0.0
9,ornamentals,2012,0.0
9,ornamentals,2013,0.0
9,seaweeds,1990,0.837476756437878
9,seaweeds,1991,0.748586380907058
9,seaweeds,1992,0.709703936948813
9,seaweeds,1993,0.672741288320519
9,seaweeds,1994,0.869989615468239
9,seaweeds,1995,0.942696542087762
9,seaweeds,1996,1.0
9,seaweeds,1997,1.0
9,seaweeds,1998,1.0
9,seaweeds,1999,1.0
9,seaweeds,2000,1.0
9,seaweeds,2001,1.0
9,seaweeds,2002,0.976139903817646
9,seaweeds,2003,1.0
9,seaweeds,2004,1.0
9,seaweeds,2005,1.0
9,seaweeds,2006,1.0
9,seaweeds,2007,1.0
9,seaweeds,2008,1.0
9,seaweeds,2009,1.0
9,seaweeds,2010,1.0
9,seaweeds,2011,1.0
9,seaweeds,2012,1.0
9,seaweeds,2013,0.856701063844345
9,shells,2007,1.0
9,shells,2008,1.0
9,shells,2009,1.0
9,shells,2010,1.0
9,shells,2011,1.0
9,shells,2012,1.0
9,shells,2013,0.976923076923077
9,sponges,1990,0.0672551492223623
9,sponges,1991,0.0412702052046314
9,sponges,1992,0.27411568395175
9,sponges,1993,0.898009094730406
9,sponges,1994,1.0
9,sponges,1995,1.0
9,sponges,1996,1.0
9,sponges,1997,0.661087546333448
9,sponges,1998,0.0175780503649356
9,sponges,1999,0.0
9,sponges,2000,0.0160495242462456
9,sponges,2001,0.0160495242462456
9,sponges,2002,0.0160495242462456
9,sponges,2003,0.0160495242462456
9,sponges,2004,0.0
9,sponges,2005,7.64263059345027e-5
9,sponges,2006,7.64263059345027e-5
9,sponges,2007,7.64263059345027e-5
9,sponges,2008,7.64263059345027e-5
9,sponges,2009,0.0
9,sponges,2010,0.0
9,sponges,2011,0.0
9,sponges,2012,0.0
9,sponges,2013,0.0
10,corals,1994,1.0
10,corals,1995,1.0
10,corals,1996,0.968999330044461
10,corals,1997,0.83729216152019
10,corals,1998,0.670564589804495
10,corals,1999,0.623972227297643
10,corals,2000,0.596564955234789
10,corals,2001,0.71532980084049
10,corals,2002,0.616206833546501
10,corals,2003,0.52758998720994
10,corals,2004,0.421158414032523
10,corals,2005,0.195505207381692
10,corals,2006,0.103690845971131
10,corals,2007,0.0520738169194226
10,corals,2008,0.0306047871368536
10,corals,2009,0.0269504841951398
10,corals,2010,0.0
10,corals,2011,0.0
10,corals,2012,0.0
10,corals,2013,0.0
10,fish_oil,1976,0.241944861705864
10,fish_oil,1977,0.276519516624442
10,fish_oil,1978,0.407139529727696
10,fish_oil,1979,0.460163367187558
10,fish_oil,1980,0.662379959494503
10,fish_oil,1981,0.798654799004551
10,fish_oil,1982,0.898304299411848
10,fish_oil,1983,0.799022487276641
10,fish_oil,1984,0.819553243802734
10,fish_oil,1985,1.0
10,fish_oil,1986,1.0
10,fish_oil,1987,1.0
10,fish_oil,1988,1.0
10,fish_oil,1989,1.0
10,fish_oil,1990,1.0
10,fish_oil,1991,1.0
10,fish_oil,1992,1.0
10,fish_oil,1993,0.943574796912016
10,fish_oil,1994,1.0
10,fish_oil,1995,1.0
10,fish_oil,1996,1.0
10,fish_oil,1997,1.0
10,fish_oil,1998,0.940415069240485
10,fish_oil,1999,0.683224596252868
10,fish_oil,2000,0.351279809280392
10,fish_oil,2001,0.273401639650547
10,fish_oil,2002,0.328339648304673
10,fish_oil,2003,0.190964733313903
10,fish_oil,2004,0.226845727865839
10,fish_oil,2005,0.334135969927284
10,fish_oil,2006,0.450720056199508
10,fish_oil,2007,0.608852917217825
10,fish_oil,2008,0.765323707672877
10,fish_oil,2009,0.879588069561838
10,fish_oil,2010,0.843928285840265
10,fish_oil,2011,0.812534283942037
10,fish_oil,2012,0.782763491244984
10,fish_oil,2013,0.743035221846064
10,ornamentals,1993,0.854700854700855
10,ornamentals,1994,0.427350427350427
10,ornamentals,1995,0.284900284900285
10,ornamentals,1996,0.213675213675214
10,ornamentals,1997,0.213675213675214
10,ornamentals,1998,1.0
10,ornamentals,1999,1.0
10,ornamentals,2000,1.0
10,ornamentals,2001,1.0
10,ornamentals,2002,0.0854700854700855
10,ornamentals,2003,0.0854700854700855
10,ornamentals,2004,0.0854700854700855
10,ornamentals,2005,0.0854700854700855
10,ornamentals,2006,0.0854700854700855
10,ornamentals,2007,0.0641025641025641
10,ornamentals,2008,0.0427350427350427
10,ornamentals,2009,0.0213675213675214
10,ornamentals,2010,0.0
10,ornamentals,2011,0.0
10,ornamentals,2012,0.0
10,ornamentals,2013,0.0
10,seaweeds,1990,0.837476756437878
10,seaweeds,1991,0.748586380907058
10,seaweeds,1992,0.709703936948813
10,seaweeds,1993,0.672741288320519
10,seaweeds,1994,0.869989615468239
10,seaweeds,1995,0.942696542087762
10,seaweeds,1996,1.0
10,seaweeds,1997,1.0
10,seaweeds,1998,1.0
10,seaweeds,1999,1.0
10,seaweeds,2000,1.0
10,seaweeds,2001,1.0
10,seaweeds,2002,0.976139903817646
10,seaweeds,2003,1.0
10,seaweeds,2004,1.0
10,seaweeds,2005,1.0
10,seaweeds,2006,1.0
10,seaweeds,2007,1.0
10,seaweeds,2008,1.0
10,seaweeds,2009,1.0
10,seaweeds,2010,1.0
10,seaweeds,2011,1.0
10,seaweeds,2012,1.0
10,seaweeds,2013,0.856701063844345
10,shells,2007,1.0
10,shells,2008,1.0
10,shells,2009,1.0
10,shells,2010,1.0
10,shells,2011,1.0
10,shells,2012,1.0
10,shells,2013,0.976923076923077
10,sponges,1990,0.0672551492223623
10,sponges,1991,0.0412702052046314
10,sponges,1992,0.27411568395175
10,sponges,1993,0.898009094730406
10,sponges,1994,1.0
10,sponges,1995,1.0
10,sponges,1996,1.0
10,sponges,1997,0.661087546333448
10,sponges,1998,0.0175780503649356
10,sponges,1999,0.0
10,sponges,2000,0.0160495242462456
10,sponges,2001,0.0160495242462456
10,sponges,2002,0.0160495242462456
10,sponges,2003,0.0160495242462456
10,sponges,2004,0.0
10,sponges,2005,7.64263059345027e-5
10,sponges,2006,7.64263059345027e-5
10,sponges,2007,7.64263059345027e-5
10,sponges,2008,7.64263059345027e-5
10,sponges,2009,0.0
10,sponges,2010,0.0
10,sponges,2011,0.0
10,sponges,2012,0.0
10,sponges,2013,0.0
11,corals,1994,1.0
11,corals,1995,1.0
11,corals,1996,0.968999330044461
11,corals,1997,0.83729216152019
11,corals,1998,0.670564589804495
11,corals,1999,0.623972227297643
11,corals,2000,0.596564955234789
11,corals,2001,0.71532980084049
11,corals,2002,0.616206833546501
11,corals,2003,0.52758998720994
11,corals,2004,0.421158414032523
11,corals,2005,0.195505207381692
11,corals,2006,0.103690845971131
11,corals,2007,0.0520738169194226
11,corals,2008,0.0306047871368536
11,corals,2009,0.0269504841951398
11,corals,2010,0.0
11,corals,2011,0.0
11,corals,2012,0.0
11,corals,2013,0.0
11,fish_oil,1976,0.241944861705864
11,fish_oil,1977,0.276519516624442
11,fish_oil,1978,0.407139529727696
11,fish_oil,1979,0.460163367187558
11,fish_oil,1980,0.662379959494503
11,fish_oil,1981,0.798654799004551
11,fish_oil,1982,0.898304299411848
11,fish_oil,1983,0.799022487276641
11,fish_oil,1984,0.819553243802734
11,fish_oil,1985,1.0
11,fish_oil,1986,1.0
11,fish_oil,1987,1.0
11,fish_oil,1988,1.0
11,fish_oil,1989,1.0
11,fish_oil,1990,1.0
11,fish_oil,1991,1.0
11,fish_oil,1992,1.0
11,fish_oil,1993,0.943574796912016
11,fish_oil,1994,1.0
11,fish_oil,1995,1.0
11,fish_oil,1996,1.0
11,fish_oil,1997,1.0
11,fish_oil,1998,0.940415069240485
11,fish_oil,1999,0.683224596252868
11,fish_oil,2000,0.351279809280392
11,fish_oil,2001,0.273401639650547
11,fish_oil,2002,0.328339648304673
11,fish_oil,2003,0.190964733313903
11,fish_oil,2004,0.226845727865839
11,fish_oil,2005,0.334135969927284
11,fish_oil,2006,0.450720056199508
11,fish_oil,2007,0.608852917217825
11,fish_oil,2008,0.765323707672877
11,fish_oil,2009,0.879588069561838
11,fish_oil,2010,0.843928285840265
11,fish_oil,2011,0.812534283942037
11,fish_oil,2012,0.782763491244984
11,fish_oil,2013,0.743035221846064
11,ornamentals,1993,0.854700854700855
11,ornamentals,1994,0.427350427350427
11,ornamentals,1995,0.284900284900285
11,ornamentals,1996,0.213675213675214
11,ornamentals,1997,0.213675213675214
11,ornamentals,1998,1.0
11,ornamentals,1999,1.0
11,ornamentals,2000,1.0
11,ornamentals,2001,1.0
11,ornamentals,2002,0.0854700854700855
11,ornamentals,2003,0.0854700854700855
11,ornamentals,2004,0.0854700854700855
11,ornamentals,2005,0.0854700854700855
11,ornamentals,2006,0.0854700854700855
11,ornamentals,2007,0.0641025641025641
11,ornamentals,2008,0.0427350427350427
11,ornamentals,2009,0.0213675213675214
11,ornamentals,2010,0.0
11,ornamentals,2011,0.0
11,ornamentals,2012,0.0
11,ornamentals,2013,0.0
11,seaweeds,1990,0.837476756437878
11,seaweeds,1991,0.748586380907058
11,seaweeds,1992,0.709703936948813
11,seaweeds,1993,0.672741288320519
11,seaweeds,1994,0.869989615468239
11,seaweeds,1995,0.942696542087762
11,seaweeds,1996,1.0
11,seaweeds,1997,1.0
11,seaweeds,1998,1.0
11,seaweeds,1999,1.0
11,seaweeds,2000,1.0
11,seaweeds,2001,1.0
11,seaweeds,2002,0.976139903817646
11,seaweeds,2003,1.0
11,seaweeds,2004,1.0
11,seaweeds,2005,1.0
11,seaweeds,2006,1.0
11,seaweeds,2007,1.0
11,seaweeds,2008,1.0
11,seaweeds,2009,1.0
11,seaweeds,2010,1.0
11,seaweeds,2011,1.0
11,seaweeds,2012,1.0
11,seaweeds,2013,0.856701063844345
11,shells,2007,1.0
11,shells,2008,1.0
11,shells,2009,1.0
11,shells,2010,1.0
11,shells,2011,1.0
11,shells,2012,1.0
11,shells,2013,0.976923076923077
11,sponges,1990,0.0672551492223623
11,sponges,1991,0.0412702052046314
11,sponges,1992,0.27411568395175
11,sponges,1993,0.898009094730406
11,sponges,1994,1.0
11,sponges,1995,1.0
11,sponges,1996,1.0
11,sponges,1997,0.661087546333448
11,sponges,1998,0.0175780503649356
11,sponges,1999,0.0
11,sponges,2000,0.0160495242462456
11,sponges,2001,0.0160495242462456
11,sponges,2002,0.0160495242462456
11,sponges,2003,0.0160495242462456
11,sponges,2004,0.0
11,sponges,2005,7.64263059345027e-5
11,sponges,2006,7.64263059345027e-5
11,sponges,2007,7.64263059345027e-5
11,sponges,2008,7.64263059345027e-5
11,sponges,2009,0.0
11,sponges,2010,0.0
11,sponges,2011,0.0
11,sponges,2012,0.0
11,sponges,2013,0.0
12,corals,1994,1.0
12,corals,1995,1.0
12,corals,1996,0.968999330044461
12,corals,1997,0.83729216152019
12,corals,1998,0.670564589804495
12,corals,1999,0.623972227297643
12,corals,2000,0.596564955234789
12,corals,2001,0.71532980084049
12,corals,2002,0.616206833546501
12,corals,2003,0.52758998720994
12,corals,2004,0.421158414032523
12,corals,2005,0.195505207381692
12,corals,2006,0.103690845971131
12,corals,2007,0.0520738169194226
12,corals,2008,0.0306047871368536
12,corals,2009,0.0269504841951398
12,corals,2010,0.0
12,corals,2011,0.0
12,corals,2012,0.0
12,corals,2013,0.0
12,fish_oil,1976,0.241944861705864
12,fish_oil,1977,0.276519516624442
12,fish_oil,1978,0.407139529727696
12,fish_oil,1979,0.460163367187558
12,fish_oil,1980,0.662379959494503
12,fish_oil,1981,0.798654799004551
12,fish_oil,1982,0.898304299411848
12,fish_oil,1983,0.799022487276641
12,fish_oil,1984,0.819553243802734
12,fish_oil,1985,1.0
12,fish_oil,1986,1.0
12,fish_oil,1987,1.0
12,fish_oil,1988,1.0
12,fish_oil,1989,1.0
12,fish_oil,1990,1.0
12,fish_oil,1991,1.0
12,fish_oil,1992,1.0
12,fish_oil,1993,0.943574796912016
12,fish_oil,1994,1.0
12,fish_oil,1995,1.0
12,fish_oil,1996,1.0
12,fish_oil,1997,1.0
12,fish_oil,1998,0.940415069240485
12,fish_oil,1999,0.683224596252868
12,fish_oil,2000,0.351279809280392
12,fish_oil,2001,0.273401639650547
12,fish_oil,2002,0.328339648304673
12,fish_oil,2003,0.190964733313903
12,fish_oil,2004,0.226845727865839
12,fish_oil,2005,0.334135969927284
12,fish_oil,2006,0.450720056199508
12,fish_oil,2007,0.608852917217825
12,fish_oil,2008,0.765323707672877
12,fish_oil,2009,0.879588069561838
12,fish_oil,2010,0.843928285840265
12,fish_oil,2011,0.812534283942037
12,fish_oil,2012,0.782763491244984
12,fish_oil,2013,0.743035221846064
12,ornamentals,1993,0.854700854700855
12,ornamentals,1994,0.427350427350427
12,ornamentals,1995,0.284900284900285
12,ornamentals,1996,0.213675213675214
12,ornamentals,1997,0.213675213675214
12,ornamentals,1998,1.0
12,ornamentals,1999,1.0
12,ornamentals,2000,1.0
12,ornamentals,2001,1.0
12,ornamentals,2002,0.0854700854700855
12,ornamentals,2003,0.0854700854700855
12,ornamentals,2004,0.0854700854700855
12,ornamentals,2005,0.0854700854700855
12,ornamentals,2006,0.0854700854700855
12,ornamentals,2007,0.0641025641025641
12,ornamentals,2008,0.0427350427350427
12,ornamentals,2009,0.0213675213675214
12,ornamentals,2010,0.0
12,ornamentals,2011,0.0
12,ornamentals,2012,0.0
12,ornamentals,2013,0.0
12,seaweeds,1990,0.837476756437878
12,seaweeds,1991,0.748586380907058
12,seaweeds,1992,0.709703936948813
12,seaweeds,1993,0.672741288320519
12,seaweeds,1994,0.869989615468239
12,seaweeds,1995,0.942696542087762
12,seaweeds,1996,1.0
12,seaweeds,1997,1.0
12,seaweeds,1998,1.0
12,seaweeds,1999,1.0
12,seaweeds,2000,1.0
12,seaweeds,2001,1.0
12,seaweeds,2002,0.976139903817646
12,seaweeds,2003,1.0
12,seaweeds,2004,1.0
12,seaweeds,2005,1.0
12,seaweeds,2006,1.0
12,seaweeds,2007,1.0
12,seaweeds,2008,1.0
12,seaweeds,2009,1.0
12,seaweeds,2010,1.0
12,seaweeds,2011,1.0
12,seaweeds,2012,1.0
12,seaweeds,2013,0.856701063844345
12,shells,2007,1.0
12,shells,2008,1.0
12,shells,2009,1.0
12,shells,2010,1.0
12,shells,2011,1.0
12,shells,2012,1.0
12,shells,2013,0.976923076923077
12,sponges,1990,0.0672551492223623
12,sponges,1991,0.0412702052046314
12,sponges,1992,0.27411568395175
12,sponges,1993,0.898009094730406
12,sponges,1994,1.0
12,sponges,1995,1.0
12,sponges,1996,1.0
12,sponges,1997,0.661087546333448
12,sponges,1998,0.0175780503649356
12,sponges,1999,0.0
12,sponges,2000,0.0160495242462456
12,sponges,2001,0.0160495242462456
12,sponges,2002,0.0160495242462456
12,sponges,2003,0.0160495242462456
12,sponges,2004,0.0
12,sponges,2005,7.64263059345027e-5
12,sponges,2006,7.64263059345027e-5
12,sponges,2007,7.64263059345027e-5
12,sponges,2008,7.64263059345027e-5
12,sponges,2009,0.0
12,sponges,2010,0.0
12,sponges,2011,0.0
12,sponges,2012,0.0
12,sponges,2013,0.0
14,corals,1994,1.0
14,corals,1995,1.0
14,corals,1996,0.968999330044461
14,corals,1997,0.83729216152019
14,corals,1998,0.670564589804495
14,corals,1999,0.623972227297643
14,corals,2000,0.596564955234789
14,corals,2001,0.71532980084049
14,corals,2002,0.616206833546501
14,corals,2003,0.52758998720994
14,corals,2004,0.421158414032523
14,corals,2005,0.195505207381692
14,corals,2006,0.103690845971131
14,corals,2007,0.0520738169194226
14,corals,2008,0.0306047871368536
14,corals,2009,0.0269504841951398
14,corals,2010,0.0
14,corals,2011,0.0
14,corals,2012,0.0
14,corals,2013,0.0
14,fish_oil,1976,0.241944861705864
14,fish_oil,1977,0.276519516624442
14,fish_oil,1978,0.407139529727696
14,fish_oil,1979,0.460163367187558
14,fish_oil,1980,0.662379959494503
14,fish_oil,1981,0.798654799004551
14,fish_oil,1982,0.898304299411848
14,fish_oil,1983,0.799022487276641
14,fish_oil,1984,0.819553243802734
14,fish_oil,1985,1.0
14,fish_oil,1986,1.0
14,fish_oil,1987,1.0
14,fish_oil,1988,1.0
14,fish_oil,1989,1.0
14,fish_oil,1990,1.0
14,fish_oil,1991,1.0
14,fish_oil,1992,1.0
14,fish_oil,1993,0.943574796912016
14,fish_oil,1994,1.0
14,fish_oil,1995,1.0
14,fish_oil,1996,1.0
14,fish_oil,1997,1.0
14,fish_oil,1998,0.940415069240485
14,fish_oil,1999,0.683224596252868
14,fish_oil,2000,0.351279809280392
14,fish_oil,2001,0.273401639650547
14,fish_oil,2002,0.328339648304673
14,fish_oil,2003,0.190964733313903
14,fish_oil,2004,0.226845727865839
14,fish_oil,2005,0.334135969927284
14,fish_oil,2006,0.450720056199508
14,fish_oil,2007,0.608852917217825
14,fish_oil,2008,0.765323707672877
14,fish_oil,2009,0.879588069561838
14,fish_oil,2010,0.843928285840265
14,fish_oil,2011,0.812534283942037
14,fish_oil,2012,0.782763491244984
14,fish_oil,2013,0.743035221846064
14,ornamentals,1993,0.854700854700855
14,ornamentals,1994,0.427350427350427
14,ornamentals,1995,0.284900284900285
14,ornamentals,1996,0.213675213675214
14,ornamentals,1997,0.213675213675214
14,ornamentals,1998,1.0
14,ornamentals,1999,1.0
14,ornamentals,2000,1.0
14,ornamentals,2001,1.0
14,ornamentals,2002,0.0854700854700855
14,ornamentals,2003,0.0854700854700855
14,ornamentals,2004,0.0854700854700855
14,ornamentals,2005,0.0854700854700855
14,ornamentals,2006,0.0854700854700855
14,ornamentals,2007,0.0641025641025641
14,ornamentals,2008,0.0427350427350427
14,ornamentals,2009,0.0213675213675214
14,ornamentals,2010,0.0
14,ornamentals,2011,0.0
14,ornamentals,2012,0.0
14,ornamentals,2013,0.0
14,seaweeds,1990,0.837476756437878
14,seaweeds,1991,0.748586380907058
14,seaweeds,1992,0.709703936948813
14,seaweeds,1993,0.672741288320519
14,seaweeds,1994,0.869989615468239
14,seaweeds,1995,0.942696542087762
14,seaweeds,1996,1.0
14,seaweeds,1997,1.0
14,seaweeds,1998,1.0
14,seaweeds,1999,1.0
14,seaweeds,2000,1.0
14,seaweeds,2001,1.0
14,seaweeds,2002,0.976139903817646
14,seaweeds,2003,1.0
14,seaweeds,2004,1.0
14,seaweeds,2005,1.0
14,seaweeds,2006,1.0
14,seaweeds,2007,1.0
14,seaweeds,2008,1.0
14,seaweeds,2009,1.0
14,seaweeds,2010,1.0
14,seaweeds,2011,1.0
14,seaweeds,2012,1.0
14,seaweeds,2013,0.856701063844345
14,shells,2007,1.0
14,shells,2008,1.0
14,shells,2009,1.0
14,shells,2010,1.0
14,shells,2011,1.0
14,shells,2012,1.0
14,shells,2013,0.976923076923077
14,sponges,1990,0.0672551492223623
14,sponges,1991,0.0412702052046314
14,sponges,1992,0.27411568395175
14,sponges,1993,0.898009094730406
14,sponges,1994,1.0
14,sponges,1995,1.0
14,sponges,1996,1.0
14,sponges,1997,0.661087546333448
14,sponges,1998,0.0175780503649356
14,sponges,1999,0.0
14,sponges,2000,0.0160495242462456
14,sponges,2001,0.0160495242462456
14,sponges,2002,0.0160495242462456
14,sponges,2003,0.0160495242462456
14,sponges,2004,0.0
14,sponges,2005,7.64263059345027e-5
14,sponges,2006,7.64263059345027e-5
14,sponges,2007,7.64263059345027e-5
14,sponges,2008,7.64263059345027e-5
14,sponges,2009,0.0
14,sponges,2010,0.0
14,sponges,2011,0.0
14,sponges,2012,0.0
14,sponges,2013,0.0
15,corals,1994,1.0
15,corals,1995,1.0
15,corals,1996,0.968999330044461
15,corals,1997,0.83729216152019
15,corals,1998,0.670564589804495
15,corals,1999,0.623972227297643
15,corals,2000,0.596564955234789
15,corals,2001,0.71532980084049
15,corals,2002,0.616206833546501
15,corals,2003,0.52758998720994
15,corals,2004,0.421158414032523
15,corals,2005,0.195505207381692
15,corals,2006,0.103690845971131
15,corals,2007,0.0520738169194226
15,corals,2008,0.0306047871368536
15,corals,2009,0.0269504841951398
15,corals,2010,0.0
15,corals,2011,0.0
15,corals,2012,0.0
15,corals,2013,0.0
15,fish_oil,1976,0.241944861705864
15,fish_oil,1977,0.276519516624442
15,fish_oil,1978,0.407139529727696
15,fish_oil,1979,0.460163367187558
15,fish_oil,1980,0.662379959494503
15,fish_oil,1981,0.798654799004551
15,fish_oil,1982,0.898304299411848
15,fish_oil,1983,0.799022487276641
15,fish_oil,1984,0.819553243802734
15,fish_oil,1985,1.0
15,fish_oil,1986,1.0
15,fish_oil,1987,1.0
15,fish_oil,1988,1.0
15,fish_oil,1989,1.0
15,fish_oil,1990,1.0
15,fish_oil,1991,1.0
15,fish_oil,1992,1.0
15,fish_oil,1993,0.943574796912016
15,fish_oil,1994,1.0
15,fish_oil,1995,1.0
15,fish_oil,1996,1.0
15,fish_oil,1997,1.0
15,fish_oil,1998,0.940415069240485
15,fish_oil,1999,0.683224596252868
15,fish_oil,2000,0.351279809280392
15,fish_oil,2001,0.273401639650547
15,fish_oil,2002,0.328339648304673
15,fish_oil,2003,0.190964733313903
15,fish_oil,2004,0.226845727865839
15,fish_oil,2005,0.334135969927284
15,fish_oil,2006,0.450720056199508
15,fish_oil,2007,0.608852917217825
15,fish_oil,2008,0.765323707672877
15,fish_oil,2009,0.879588069561838
15,fish_oil,2010,0.843928285840265
15,fish_oil,2011,0.812534283942037
15,fish_oil,2012,0.782763491244984
15,fish_oil,2013,0.743035221846064
15,ornamentals,1993,0.854700854700855
15,ornamentals,1994,0.427350427350427
15,ornamentals,1995,0.284900284900285
15,ornamentals,1996,0.213675213675214
15,ornamentals,1997,0.213675213675214
15,ornamentals,1998,1.0
15,ornamentals,1999,1.0
15,ornamentals,2000,1.0
15,ornamentals,2001,1.0
15,ornamentals,2002,0.0854700854700855
15,ornamentals,2003,0.0854700854700855
15,ornamentals,2004,0.0854700854700855
15,ornamentals,2005,0.0854700854700855
15,ornamentals,2006,0.0854700854700855
15,ornamentals,2007,0.0641025641025641
15,ornamentals,2008,0.0427350427350427
15,ornamentals,2009,0.0213675213675214
15,ornamentals,2010,0.0
15,ornamentals,2011,0.0
15,ornamentals,2012,0.0
15,ornamentals,2013,0.0
15,seaweeds,1990,0.837476756437878
15,seaweeds,1991,0.748586380907058
15,seaweeds,1992,0.709703936948813
15,seaweeds,1993,0.672741288320519
15,seaweeds,1994,0.869989615468239
15,seaweeds,1995,0.942696542087762
15,seaweeds,1996,1.0
15,seaweeds,1997,1.0
15,seaweeds,1998,1.0
15,seaweeds,1999,1.0
15,seaweeds,2000,1.0
15,seaweeds,2001,1.0
15,seaweeds,2002,0.976139903817646
15,seaweeds,2003,1.0
15,seaweeds,2004,1.0
15,seaweeds,2005,1.0
15,seaweeds,2006,1.0
15,seaweeds,2007,1.0
15,seaweeds,2008,1.0
15,seaweeds,2009,1.0
15,seaweeds,2010,1.0
15,seaweeds,2011,1.0
15,seaweeds,2012,1.0
15,seaweeds,2013,0.856701063844345
15,shells,2007,1.0
15,shells,2008,1.0
15,shells,2009,1.0
15,shells,2010,1.0
15,shells,2011,1.0
15,shells,2012,1.0
15,shells,2013,0.976923076923077
15,sponges,1990,0.0672551492223623
15,sponges,1991,0.0412702052046314
15,sponges,1992,0.27411568395175
15,sponges,1993,0.898009094730406
15,sponges,1994,1.0
15,sponges,1995,1.0
15,sponges,1996,1.0
15,sponges,1997,0.661087546333448
15,sponges,1998,0.0175780503649356
15,sponges,1999,0.0
15,sponges,2000,0.0160495242462456
15,sponges,2001,0.0160495242462456
15,sponges,2002,0.0160495242462456
15,sponges,2003,0.0160495242462456
15,sponges,2004,0.0
15,sponges,2005,7.64263059345027e-5
15,sponges,2006,7.64263059345027e-5
15,sponges,2007,7.64263059345027e-5
15,sponges,2008,7.64263059345027e-5
15,sponges,2009,0.0
15,sponges,2010,0.0
15,sponges,2011,0.0
15,sponges,2012,0.0
15,sponges,2013,0.0
16,corals,1994,1.0
16,corals,1995,1.0
16,corals,1996,0.968999330044461
16,corals,1997,0.83729216152019
16,corals,1998,0.670564589804495
16,corals,1999,0.623972227297643
16,corals,2000,0.596564955234789
16,corals,2001,0.71532980084049
16,corals,2002,0.616206833546501
16,corals,2003,0.52758998720994
16,corals,2004,0.421158414032523
16,corals,2005,0.195505207381692
16,corals,2006,0.103690845971131
16,corals,2007,0.0520738169194226
16,corals,2008,0.0306047871368536
16,corals,2009,0.0269504841951398
16,corals,2010,0.0
16,corals,2011,0.0
16,corals,2012,0.0
16,corals,2013,0.0
16,fish_oil,1976,0.241944861705864
16,fish_oil,1977,0.276519516624442
16,fish_oil,1978,0.407139529727696
16,fish_oil,1979,0.460163367187558
16,fish_oil,1980,0.662379959494503
16,fish_oil,1981,0.798654799004551
16,fish_oil,1982,0.898304299411848
16,fish_oil,1983,0.799022487276641
16,fish_oil,1984,0.819553243802734
16,fish_oil,1985,1.0
16,fish_oil,1986,1.0
16,fish_oil,1987,1.0
16,fish_oil,1988,1.0
16,fish_oil,1989,1.0
16,fish_oil,1990,1.0
16,fish_oil,1991,1.0
16,fish_oil,1992,1.0
16,fish_oil,1993,0.943574796912016
16,fish_oil,1994,1.0
16,fish_oil,1995,1.0
16,fish_oil,1996,1.0
16,fish_oil,1997,1.0
16,fish_oil,1998,0.940415069240485
16,fish_oil,1999,0.683224596252868
16,fish_oil,2000,0.351279809280392
16,fish_oil,2001,0.273401639650547
16,fish_oil,2002,0.328339648304673
16,fish_oil,2003,0.190964733313903
16,fish_oil,2004,0.226845727865839
16,fish_oil,2005,0.334135969927284
16,fish_oil,2006,0.450720056199508
16,fish_oil,2007,0.608852917217825
16,fish_oil,2008,0.765323707672877
16,fish_oil,2009,0.879588069561838
16,fish_oil,2010,0.843928285840265
16,fish_oil,2011,0.812534283942037
16,fish_oil,2012,0.782763491244984
16,fish_oil,2013,0.743035221846064
16,ornamentals,1993,0.854700854700855
16,ornamentals,1994,0.427350427350427
16,ornamentals,1995,0.284900284900285
16,ornamentals,1996,0.213675213675214
16,ornamentals,1997,0.213675213675214
16,ornamentals,1998,1.0
16,ornamentals,1999,1.0
16,ornamentals,2000,1.0
16,ornamentals,2001,1.0
16,ornamentals,2002,0.0854700854700855
16,ornamentals,2003,0.0854700854700855
16,ornamentals,2004,0.0854700854700855
16,ornamentals,2005,0.0854700854700855
16,ornamentals,2006,0.0854700854700855
16,ornamentals,2007,0.0641025641025641
16,ornamentals,2008,0.0427350427350427
16,ornamentals,2009,0.0213675213675214
16,ornamentals,2010,0.0
16,ornamentals,2011,0.0
16,ornamentals,2012,0.0
16,ornamentals,2013,0.0
16,seaweeds,1990,0.837476756437878
16,seaweeds,1991,0.748586380907058
16,seaweeds,1992,0.709703936948813
16,seaweeds,1993,0.672741288320519
16,seaweeds,1994,0.869989615468239
16,seaweeds,1995,0.942696542087762
16,seaweeds,1996,1.0
16,seaweeds,1997,1.0
16,seaweeds,1998,1.0
16,seaweeds,1999,1.0
16,seaweeds,2000,1.0
16,seaweeds,2001,1.0
16,seaweeds,2002,0.976139903817646
16,seaweeds,2003,1.0
16,seaweeds,2004,1.0
16,seaweeds,2005,1.0
16,seaweeds,2006,1.0
16,seaweeds,2007,1.0
16,seaweeds,2008,1.0
16,seaweeds,2009,1.0
16,seaweeds,2010,1.0
16,seaweeds,2011,1.0
16,seaweeds,2012,1.0
16,seaweeds,2013,0.856701063844345
16,shells,2007,1.0
16,shells,2008,1.0
16,shells,2009,1.0
16,shells,2010,1.0
16,shells,2011,1.0
16,shells,2012,1.0
16,shells,2013,0.976923076923077
16,sponges,1990,0.0672551492223623
16,sponges,1991,0.0412702052046314
16,sponges,1992,0.27411568395175
16,sponges,1993,0.898009094730406
16,sponges,1994,1.0
16,sponges,1995,1.0
16,sponges,1996,1.0
16,sponges,1997,0.661087546333448
16,sponges,1998,0.0175780503649356
16,sponges,1999,0.0
16,sponges,2000,0.0160495242462456
16,sponges,2001,0.0160495242462456
16,sponges,2002,0.0160495242462456
16,sponges,2003,0.0160495242462456
16,sponges,2004,0.0
16,sponges,2005,7.64263059345027e-5
16,sponges,2006,7.64263059345027e-5
16,sponges,2007,7.64263059345027e-5
16,sponges,2008,7.64263059345027e-5
16,sponges,2009,0.0
16,sponges,2010,0.0
16,sponges,2011,0.0
16,sponges,2012,0.0
16,sponges,2013,0.0
17,corals,1994,1.0
17,corals,1995,1.0
17,corals,1996,0.968999330044461
17,corals,1997,0.83729216152019
17,corals,1998,0.670564589804495
17,corals,1999,0.623972227297643
17,corals,2000,0.596564955234789
17,corals,2001,0.71532980084049
17,corals,2002,0.616206833546501
17,corals,2003,0.52758998720994
17,corals,2004,0.421158414032523
17,corals,2005,0.195505207381692
17,corals,2006,0.103690845971131
17,corals,2007,0.0520738169194226
17,corals,2008,0.0306047871368536
17,corals,2009,0.0269504841951398
17,corals,2010,0.0
17,corals,2011,0.0
17,corals,2012,0.0
17,corals,2013,0.0
17,fish_oil,1976,0.241944861705864
17,fish_oil,1977,0.276519516624442
17,fish_oil,1978,0.407139529727696
17,fish_oil,1979,0.460163367187558
17,fish_oil,1980,0.662379959494503
17,fish_oil,1981,0.798654799004551
17,fish_oil,1982,0.898304299411848
17,fish_oil,1983,0.799022487276641
17,fish_oil,1984,0.819553243802734
17,fish_oil,1985,1.0
17,fish_oil,1986,1.0
17,fish_oil,1987,1.0
17,fish_oil,1988,1.0
17,fish_oil,1989,1.0
17,fish_oil,1990,1.0
17,fish_oil,1991,1.0
17,fish_oil,1992,1.0
17,fish_oil,1993,0.943574796912016
17,fish_oil,1994,1.0
17,fish_oil,1995,1.0
17,fish_oil,1996,1.0
17,fish_oil,1997,1.0
17,fish_oil,1998,0.940415069240485
17,fish_oil,1999,0.683224596252868
17,fish_oil,2000,0.351279809280392
17,fish_oil,2001,0.273401639650547
17,fish_oil,2002,0.328339648304673
17,fish_oil,2003,0.190964733313903
17,fish_oil,2004,0.226845727865839
17,fish_oil,2005,0.334135969927284
17,fish_oil,2006,0.450720056199508
17,fish_oil,2007,0.608852917217825
17,fish_oil,2008,0.765323707672877
17,fish_oil,2009,0.879588069561838
17,fish_oil,2010,0.843928285840265
17,fish_oil,2011,0.812534283942037
17,fish_oil,2012,0.782763491244984
17,fish_oil,2013,0.743035221846064
17,ornamentals,1993,0.854700854700855
17,ornamentals,1994,0.427350427350427
17,ornamentals,1995,0.284900284900285
17,ornamentals,1996,0.213675213675214
17,ornamentals,1997,0.213675213675214
17,ornamentals,1998,1.0
17,ornamentals,1999,1.0
17,ornamentals,2000,1.0
17,ornamentals,2001,1.0
17,ornamentals,2002,0.0854700854700855
17,ornamentals,2003,0.0854700854700855
17,ornamentals,2004,0.0854700854700855
17,ornamentals,2005,0.0854700854700855
17,ornamentals,2006,0.0854700854700855
17,ornamentals,2007,0.0641025641025641
17,ornamentals,2008,0.0427350427350427
17,ornamentals,2009,0.0213675213675214
17,ornamentals,2010,0.0
17,ornamentals,2011,0.0
17,ornamentals,2012,0.0
17,ornamentals,2013,0.0
17,seaweeds,1990,0.837476756437878
17,seaweeds,1991,0.748586380907058
17,seaweeds,1992,0.709703936948813
17,seaweeds,1993,0.672741288320519
17,seaweeds,1994,0.869989615468239
17,seaweeds,1995,0.942696542087762
17,seaweeds,1996,1.0
17,seaweeds,1997,1.0
17,seaweeds,1998,1.0
17,seaweeds,1999,1.0
17,seaweeds,2000,1.0
17,seaweeds,2001,1.0
17,seaweeds,2002,0.976139903817646
17,seaweeds,2003,1.0
17,seaweeds,2004,1.0
17,seaweeds,2005,1.0
17,seaweeds,2006,1.0
17,seaweeds,2007,1.0
17,seaweeds,2008,1.0
17,seaweeds,2009,1.0
17,seaweeds,2010,1.0
17,seaweeds,2011,1.0
17,seaweeds,2012,1.0
17,seaweeds,2013,0.856701063844345
17,shells,2007,1.0
17,shells,2008,1.0
17,shells,2009,1.0
17,shells,2010,1.0
17,shells,2011,1.0
17,shells,2012,1.0
17,shells,2013,0.976923076923077
17,sponges,1990,0.0672551492223623
17,sponges,1991,0.0412702052046314
17,sponges,1992,0.27411568395175
17,sponges,1993,0.898009094730406
17,sponges,1994,1.0
17,sponges,1995,1.0
17,sponges,1996,1.0
17,sponges,1997,0.661087546333448
17,sponges,1998,0.0175780503649356
17,sponges,1999,0.0
17,sponges,2000,0.0160495242462456
17,sponges,2001,0.0160495242462456
17,sponges,2002,0.0160495242462456
17,sponges,2003,0.0160495242462456
17,sponges,2004,0.0
17,sponges,2005,7.64263059345027e-5
17,sponges,2006,7.64263059345027e-5
17,sponges,2007,7.64263059345027e-5
17,sponges,2008,7.64263059345027e-5
17,sponges,2009,0.0
17,sponges,2010,0.0
17,sponges,2011,0.0
17,sponges,2012,0.0
17,sponges,2013,0.0
